{
    "crons": [
        {
            "path": "/api/cron/check-abandoned-users",
            "schedule": "0 13 * * *"
        },
        {
            "path": "/api/cron/notify-manual-expiry",
            "schedule": "0 10 * * *"
        },
        {
            "path": "/api/cron/campaign/email1",
            "schedule": "30 22 20 2 *"
        },
        {
            "path": "/api/cron/campaign/email2",
            "schedule": "0 12 24 2 *"
        },
        {
            "path": "/api/cron/campaign/email3",
            "schedule": "0 13 27 2 *"
        },
        {
            "path": "/api/cron/evergreen",
            "schedule": "0 * * * *"
        }
    ]
}